Tweets;Label
cek terima bansos kemensos cair mei login via com nasional;2
korupsi jahat nama napi koruptor hukum korupsi bansos covid 19;1
kak kitabisa com pmi bansos bencana;2
akses cek terima bansos pkh bpnt cair mei 2021;2
sudahlah bansos korupsi vaksin rakyat usaha bayarin aneh banget bikini bottom;1
bom soal bikin reputasi perintah anjlok akibat korupsi bansos korup efek instruksi perintah tidak dengerin;1
pandemi covid 19 ingat bansos bansos korupsi bansos laku kabar jatuh hukum maaf update nonton berita isi larang mudik mulu;1
lurah selamat kroni anak jerat korupsi godybag bos madam bansos;0
kotor  mulai korupsi dana bansos;1
