ID,Tweet
"1,39118E+18",abur bias sesat tarik simpati non-muslim sy yg non-muslim aja geram marah l xe x xa
,abur bias sesat tarik simpati non-muslim sy yg non-muslim aja geram marah liat pidato sulit utk tumpul logika pidato cari muka amp
"1,39103E+18",ada logistik bansos untung karaoke
"1,39092E+18",ah anjir w mikir nrupanya ribu dana bansos
"1,39106E+18",ah tetangga sial pake pindah samping rumah eneg banget tetangga ama orang suka pamer harta suka ngemis ngemis bansos
"1,39087E+18",aja anggota partai maling bansos
"1,39098E+18",aja bongkar bansos jahat ko bilang melempem bayangin aja kl ga bongkar pandemi yg jahat keruk untung derita masyarakat
"1,39093E+18",aja solusi beli beras aja susah belanja online wxwxwxwx orang kaya ndak terfikirkan rakyat bansos sampek warga tinggal anggar
"1,39103E+18",aktif liat bansos korupsi diem kpk kebiri diem
"1,39094E+18",akun akun yg gak aku jokowi presiden gilir bagi bansos antre xf xf x x xf xf x x
"1,39115E+18",alhamdulillah tau dapet bansos xf xf x xad xf xf x xf
"1,39108E+18",alih isu nkawal kpk bansos
"1,39084E+18",alir suap dana bansos foya gelontor ratus juta biduan dangdut
"1,39085E+18",alir suap dana bansos juliari batubara foya gelontor ratus juta biduan dangdut
"1,39089E+18",amanah uu nenek lu laksana tes bangsa tenggara masyarakat upaya tutup korupsi yg elit partai spt ekport benur korupsi bansos yg libat madam bansos periksa as wakil ketua mpr dsb
"1,39097E+18",ambil contoh nyata akun akun akun buzzerp teriak maling bansos hukum mati orang bodoh tau akun akun jilat cari makan dg modal gadai benar
"1,39098E+18",ambil contoh nyata akun akun akun buzzerp teriak maling bansos ka xe x xa
"1,39088E+18",anak cina anti bansos acab acab
"1,39112E+18",analogi giniin ajadeh biar paham rakyat mudik besar dana bansos covid yg korupsi
"1,39103E+18",ancur kali ekonomi jeblok pdhal utang gila tangan covid amburadul dana bansos embat menteri pilih ajaib yg ngotot jadiin presiden utk periode xf xf xa xa xf xf xa xa
"1,39118E+18",anggota komisi hukum dpr fraksi partai demokrat duga sidik kpk sidik korupsi bantu sosial b xe x xa
"1,39083E+18",anggota komisi hukum dpr fraksi partai demokrat duga sidik kpk sidik korupsi bantu sosial bansos covid henti tes wawas bangsa n n temponasional n
"1,39083E+18",anggota komisi hukum dpr fraksi partai demokrat duga sidik kpk sidik korupsi bantu sosial bansos covid henti tes wawas bangsa n n temponasional n madam bansos anak lurah selamat
"1,39103E+18",anggota komisi iii xe x xa xe x xa xe x xa xe x xa xe x xa xe x xa sidik kpk bansos incar twk nasional htt xe x xa
"1,39101E+18",asabrijiwasrayamasiku bpjsmadam bansosgoodiebag truk nyasarblbi ngilang mana
"1,39085E+18",asn thrnya potong bansos covid eh bansosnya korupsi
"1,39097E+18",azab korupsi bansos covid karaoke mati tel mic xf xf x x
"1,39087E+18",b bu tejo bu romlah bu tejo ribut ngomongin tetangga bu romlah ribut ngomongin bansos pkh bu romlah hidup udah cukup penasaran cerita yukkk simak film pendek komedi judul curhat bansos n
"1,39101E+18",b giat bagi bansos rw lurah pasirjati anak yatim serah bantu sembako warga isoman rt rw psg jum at berkah lpm pasirwangi bagi takjil n
"1,39085E+18",b lapor risma rizal ramli lengkap skenario ampo bansos hak orang miskin n ntapi skrg pegawai kpk integritas jerat twk xf xf xa xa xf xf xf xbb
"1,39108E+18",b rt lapor risma rizal ramli lengkap skenario ampo bansos hak orang miskin xe x xa
"1,39108E+18",b terang benderang nbansos bancak an kuasa n n nbeberapa pegawai kpk lolos twk tangan korupsi bansos kkp
"1,39098E+18",b tjakep xf xf x xf xf xf x xf sidik kpk yg gak lolos tes wawas bangsa hasil bongkar e-ktp simulator sim ekspor benur bansos kelas kentara pis eta per-ma-i-nan xf xf xa xa
"1,39094E+18",b yg gin yg foya pake uang korupsi abis capek bagiin bansos xf xf x xe xf xf x xe xf xf x xe xf xf x xe
,babi ngepet demen bipang dinyinyirin dgn munafik kaum berisik nyinyirin perintah tpi antri bansos nyinyirin hutang nikmat infrastruktur yg bangun atas nkonsumen bipang bahagia amp
"1,39084E+18",bagi adab tdk pandang pilih lempar ngaciro bansos
"1,39083E+18",bahagia maling dn calon maling bansos dn lobster xf xf x x
"1,39114E+18",bang bener bang novel dkk singkir gara bansos yg arah madam anak lurah
"1,39089E+18",banget muka bantal foto auto kaya terima bansos
"1,3911E+18",bani bipang lonte xf xf x xb xf xf x x xf xf x x xf xf x x n nlondo item koruptor bansos xf xf x x xf xf x x xf xf x x
"1,39117E+18",banjingan kumpul
"1,39112E+18",banjir longsor dll koruptor bansos gak hukum maksimal angkut masukin penjara emang serius
"1,39115E+18",banjir longsor dll koruptor bansos gak hukum maksimal angkut masukin xe x xa
"1,391E+18",bansos
"1,39099E+18",bansos beda konteks tuju beliau tanggung baik kabinet konteks bipang tdk salah tekan mudik lebaran orang
"1,39113E+18",bansos benur aja halal korupsi menteri jokowi babi
"1,39089E+18",bansos beras bau korupsi
"1,39101E+18",bansos bpnt pkh cair mei cek daftar terima
"1,39101E+18",bansos bpnt pkh cair mei cek daftar terima indonesia n n
"1,39096E+18",bansos covid cair musim lebaran beres ga trik sih weh xf xf x x
"1,39117E+18",bansos ditilep ninsentif nakes tunda n ntapi pajak mobil ndan lupa wisata
"1,39098E+18",bansos embat
"1,39102E+18",bansos ga
"1,39107E+18",bansos idul fitri himatra
"1,39107E+18",bansos idul fitri himatra via
"1,39113E+18",bansos jalan gantung orang orang korupsi rakyat syarat indonesia daerah covidnya udah rakyat marah lockdown tp aman covid
"1,39115E+18",bansos komunitas motor trail mudik lebaran
"1,39082E+18",bansos korupsi yg dipake karoke owalah tingkah kelola negara negeri zimbabwe selatan
"1,39106E+18",bansos madam buyar nsaya ira jabat kait hukum diam pura gak gak peduli cari aman nyaman posisi
"1,39115E+18",bansos master data nya bps update kala kemensos udah mou nya tp yg kayak data bansos master data kemensos ambil sndiri kalo dewa dewa nota perjanjianya gak sih ngerti sih
"1,391E+18",bansos mksud ente
"1,39114E+18",bansos nkalau tuju kur nkita bilang minta data eselon minta data skripsi rilis publik
"1,39111E+18",bansos nya aja korupsi hahaaha semamgat mas
"1,39095E+18",bansos polsek pulung polres ponorogo warga rumah bakar kanal ponorogo
"1,39089E+18",bansos tekan gue sih xf xf x xa
"1,39088E+18",bansosnya rakyat dapet tetep nsoal korupsi bansos cm politis doank
"1,3909E+18",bantu sosial cair mei program kartu sembako bantu pangan non-tunai bpnt xc xaprogram xc xakeluarga xc xaharapan xc xa pkh nsementara salur bansos tunai rp ribu jalan april n n
"1,3909E+18",bantu sosial cair mei program kartu sembako bantu pangan non-tunai bpnt xc xaprogram xc xakeluarga xc xaharapan xc xa pkh nsementara salur bansos tunai rp ribu jalan april n n n n
"1,3909E+18",bantu sosial cair mei program kartu sembako bantu pangan non-tunai xe x xa
"1,39096E+18",bawa bawa hambalang lo anti orang bilang korup bansos manusia aneh hambalang mah udah masuk bui si mas tuh ketemu sakti banget tuh orang
"1,39102E+18",bayangno ngguyu hadap nasabah bansos
"1,39102E+18",beda blt era krismon bansos era krismon n ngambar blt protes pdip krn didik rakyat t xe x xa
"1,391E+18",beda blt era krismon bansos era krismon n ngambar blt protes pdip krn didik rakyat tp sampe rakyat atas krismon ngambar bansos korupsi rakyat yg dampak gigit jari krismon parah n n xf xf x xb xf xf x xa
,beda kalo bukber sm temen w anjrit kaya terima dana bansos amp
"1,39096E+18",bendahara partai maling bansos neng bong kalo gitu xf xf xa xa xf xf xa xa
"1,39085E+18",bener perintah udah maksimal turut handle covid tp ya gitu bawah nyeleweng bansos tentu ekonomi gabisa lumpuh gabisa kayak eropa kudu lockdown total kek ya as simple as negara ga sanggup
"1,39089E+18",bentar hilang nama maling bansos hilang nama
"1,39101E+18",berani kpk sm madam bansos xf xf x x xf xf x xa xf xf x xb
"1,39093E+18",berani nggak ya
"1,39104E+18",beri bansos jalan sesuai mekanisme terap lockdown paham skala negara putus perintah pusat bantu daerah bansos jenis bantu samping tanggung penuh
"1,39086E+18",berita ya n datang wna china n kapal india rapat awak kapal positif covid n twk kpk janggal n rencana naik ppn maks n thr asn n korupsi bansos harun mas blm ketemu n beli babi panggang n survey cawapres
"1,3909E+18",berita yg bahas korupsi bansos asabri jiwasraya nilai raksasa
"1,39092E+18",beritapidiejaya nbansos jelang idul fitri hijriah serah camat terima delapan camat pidie jaya tepat rp n
"1,3911E+18",besok habis antre bansos makan bipang yuk drun xf xf xa xa xf xf xa xa xf xf xa xa xf xf xa xa xf xf xa xa xf xf xa xa xf xf xa xa xf xf xa xa
"1,39087E+18",besok juliari hadap saksi korupsi bansos n napa order nsudah p duga korupsi ubah xe x xa
"1,39106E+18",bhabinkamtibmas polsek bojongsari aiptu sutikno salur bansos polres purbalingga warga desa banjaran sabtu
"1,39117E+18",biar madam bansos sm ank pk lurah g usut
"1,39082E+18",bijak larang mudik nyusahin yg nyari duit makan bantu bansos tilep antigen pake yg bekas terbang india bebas yg kaya mah kaya yg miskin babak bur
"1,39104E+18",bikin skenario twk kpk raib harun mas sp blbi kriminalisasi ulama hilang bahasa indonesia pancasila sejarah frasa agama draf peta jalan didik kawan suka bipang bikin ulah kabar bansos
"1,39116E+18",bilang hubung bansos beneran nggak sih politik pinterpolitik infografis n
"1,39104E+18",bipang promo bansos asabriharum mas tenggelam obrol publik kereen banget pokok deh kyai sales bipang ituh
"1,39089E+18",bktm dandang pilar dinsos bagi bansos disabilitas prov jatim
"1,39092E+18",bktm kel balowerti naiptu m chamson syafii n nsambang giat bagi bansos sembako dinas sosial kota diri anak yatim piatu yayasan panti asuh al ikhlas laksana patuh protokol sehat
"1,39092E+18",bktm kel setonopande aiptu syaifudin yuri ndi lingkung rt rt kota diri n nbhabinkamtibmas anggota ppkm mikro lurah setonopande laksana salur bansos indomaret tbk dinsos kota diri yg salur warga derita odgj
"1,39102E+18",bom money laundry orang licik harta kuras habis wajah pajang seluruh penjuru hukum mati bansos antigen kemarin iblis aja minder
"1,39104E+18",bongkar xe xd x modus selamat pdip maling dana bansos xf xf x x n n xf xf x xc ungkap xe xd x demokrat duga sidik kpk bansos henti tes n n xf xf x x
"1,39116E+18",bongkar xe xd x modus selamat pdip maling dana bansos xf xf x x n n xf xf x xc ungkap xe xd x demokrat duga sidik kpk bansos xe x xa
"1,39084E+18",boro makan dicafe makan enak aja nunggu sarden bansos xf xf x x
"1,39089E+18",bosan x hannya ucap pancasila hukum tajam tumpul korupsi bansos koflik
"1,39096E+18",brp bansos yg oknum suap nya ga
"1,39101E+18",bst henti kondisi masyarakat baik aktivitas normal pandemi masyarakat hak hidup normal n nyaaah bu risma kasih kabar enak tutup pintu bansos covid gara-gara
"1,39113E+18",btw rakyat marah bijak lockdownnya butuh hari sanggup tanggung perintah bansos sempurna kurang tutup butuh
"1,39104E+18",bu tejo bu romlah bu tejo ribut ngomongin tetangga bu romlah ribut ngomongin bansos pkh padah xe x xa
"1,39087E+18",bukti nyata alam semesta proses buka tabir jujur benar via rezim risma juta data terima bansos fiktif rezim risma menteri sosial nkri status qua main petak umpet
"1,39109E+18",buset jipang bipang aja ribut madam bansos lurah anak nya nobar xf xf x x
,busuk kpk degil amp
"1,39093E+18",byk berita ya nbipang jipang sekat wna china test kpk nkorupsi bansos blm selesai harun mas blm selesai
"1,39116E+18",cair bansos sila cek mudah
"1,39104E+18",cek bansos cair lebaran blt umkm pkh bpnt n n via
"1,39093E+18",cek bansos pkh bantu pangan blt umkm blt dana desa cair lebaran tribun jambi kodepos desa cek bansos pkh bantu pangan blt umkm blt dana desa cair lebaran xc xa xc xatribun jambi
"1,39087E+18",cek terima bansos pkh bpnt akses link pandu n n
"1,39099E+18",cek terima bansos pkh bpnt klik bansos pkh kemensos
"1,39084E+18",celaka pimpin gak tuju bansos jg
"1,39094E+18",cicak vs buaya jilid bossnya kena angkut ya wajar si pasang badan baca sejarah gak monolog n nyg lo bela skrg madam bansos kang goodybag idola lo tuh
"1,39109E+18",cie cie kadrun wati panas ya buka tu cadardan ambil bansos gratis tu entar lak nggak ngoceh lg hhh ya iya lo gak butuh tol lawong hidup lo gua
"1,39084E+18",coba nerima bansos ga si dongo
"1,39086E+18",coba yg korupsi dana bansos
"1,39115E+18",covid indonesia hancur korupsi dana bansos agama batas rakyat kena dampak pandemi masuk akal atur atur banyak cari solusi
"1,39101E+18",dah d hukum ndan apkah stiap org mlakukan ksalahan hrus dpt sbgai manusia ndna bansos d korupsi lo mingkem
"1,39107E+18",dana bansos aja ditilep hak nakes mereka lambat nnegara niat ga sih xe xd x xe xd x xe xd x nterhadap garda depan pandemj covid lalai
"1,39093E+18",dana bansos aja hajar mentrine
"1,39084E+18",dana bansos covid korupsi
"1,39092E+18",dapet dana bansos kah om cimol
"1,39104E+18",data terima bansos risma gandeng guru n n pdiperjuangan
"1,39086E+18",daya kat sad bantu sosial laksana transparan akuntab xe x xa
"1,39104E+18",den koruptor bansos layak hukum mati
"1,39091E+18",dengar bantu uang anak populasi rentan butuh bantu yg lengkap den xe x xa
"1,39082E+18",dengar bantu uang anak populasi rentan butuh bantu yg lengkap kura xf xf x x xf xf xf xbc n n
"1,39114E+18",denger buzzerp ngangkat isyu korupsi bansos sunat asabri jiwasraya sampe lolos koruptor kelas kakap sjamsul nursalim sp kpk
"1,39089E+18",e-ktp bansos benur n anggap dewa n kpk nerima suap ya sila oknum proses jaksa polisi steril duga suap
"1,39088E+18",ecek daftar terima empat bansos masyarakat mandiri ecek masyarakat akses situs sedia perintah n n via
"1,39115E+18",eh salahhh bab lg ngepet nngaku bayar pajak tp ngantri bansos nanak lonte muehe he he he
"1,3909E+18",elu kena tipu genk bansos otak lu nelen nya beras raskin doank tuh bong n nmuka lu benahin kalo nglawan gue xf xf x x
"1,39086E+18",emak ku buka with dewan parpol today ken kali aja jd politik trus korupsi bansos nwkwkwkkwkw nastagfirullah amit
"1,39115E+18",emosi kaga nulisnya beranta ng bagi bansos y
"1,39097E+18",enak bgt bikin kacang grg pake bumbu makroni dipakein pedes dikit xf xf x xb nkacangnya dapet bansos alhamdulillah
"1,39102E+18",era harun mas tdk tangkap alias biar liar awal kpu negara ambyar mega korupsi yg bansosjiwasraya asabri dll tangan tegak hukum akan mandeg tdk
"1,39105E+18",fakta alir dana bansos libat eks menteri sosial juliari batubara muncul salah satu d xe x xa
"1,39116E+18",firli jenderal bintang ukir prestasi makan anak buah harun mas madam anak lurah bansos aziz syamsudin ga progres nkpk lemah korupsi rajalela target antek xc xb pkc kuasa indonesia
"1,39088E+18",follower nya kebayakn dedemit nerima bansos fiktif
"1,39086E+18",foto kek terima bansos ku gitu xf xf x xad
"1,39101E+18",futago anjirrr asa ngantri bansos
"1,39089E+18",g berani korupsi wow yg ngentit bansos gimana
"1,39105E+18",ga gue orang yg kasih bansos xf xf x xad
"1,39086E+18",ga ngerti deh gua sistem bansos bst kantor pos cibinong gimana dpt undang nya semalem pagi langsung ambil kesini info lurah nya tgl ambil trs td yg ambil bareng datengnya gimana sih gajelas
"1,39103E+18",ga percaya covid antri depan ambil bansos covid
"1,39089E+18",ga percaya dgn covid sila ntp gilir ga dpt bansos covid teriak duluan indonesia negeri orang lucu pikir xf xf xe xb xf xf xe x
"1,39109E+18",ga tanggung dzalim nya parah hiks bansos korup gaji nakes ga turun alat swab bekas wna bebas masuk bobrok nya total bgt xf xf xa xa
"1,39113E+18",gaduh sengaja rakyat ribut dng yg sepele lupa yg koruptor bansoskasus kmmasuk nya tka asing dll
"1,39114E+18",gak bansos gak mangan sing mudik gak urus mangan ora mangan gak urus kerja ora kerja
"1,39087E+18",gak berani korupsi xf xf xa xa xf xf xa xa geli korupsi besar sampe triliun era dana bansos korupsi jaman melek doang ah
"1,39085E+18",gak dapet bansos yaa orang xf xf xa xa xf xf xa xa xf xf xa xa
"1,39082E+18",gara bansos yg korupsi epek mana
"1,39101E+18",gara-gara bipang menteri jabat sibuk fisi bipang kasihan kalo yg hobi makan babi panggang yg salah n nharta haram aja makan bipang nkorupsi bansos benur haram sakit rakyat
"1,39107E+18",gegara bipang issue nmudik papua kpk azis nanggala bansos tka cina dll njadi lenyap xf xf x x xf xf x x n n xf xf x xhebat manajemen issue rezim
"1,39108E+18",gegara bipang issue nmudik papua kpk azis nanggala bansos tka cina dll njadi lenyap xf xf x x xf xf x x n n xf xf x xhebat xe x xa
"1,39089E+18",giat bhabinkamtibmas aipda dedi s saragih melaksankanan bansos rangka jelang raya idul fitri bantu kg beras cap tomat tali asih bpk ajis desa silau padang kec sipispis dampak pandemi virus covid
"1,3909E+18",giat bhabinkamtibmas aipda dedi s saragih melaksankanan bansos rangka jelang raya idul fitri bantu kg beras cap tomat tali asih bpk lallan desa silau padang kec sipispis kab sergaiuang dampak pandemi virus covid
"1,39088E+18",giat bhabinkamtibmas aipda sulistyo melaksankanan bansos rangka jelang raya idul fitri bantu kg beras cap tomat tali asih anak anakdesa sipispis kec sipispis kab sergai dampak pandemi virus covid
"1,39088E+18",giat bhabinkamtibmas aipda sulistyo melaksankanan bansos rangka jelang raya idul fitri bantu kg beras cap tomat tali asih sekda sinaga desa sipispis kec sipispis kab sergaiyang dampak pandemi virus covid
"1,39114E+18",gisel kkp bansos aman
"1,39118E+18",gk duit gimana sih hutang dah t bentar lg ppn jd insentif nakes aja gk bayar duit nganter bansos korupsi xf xf xa xa n nyg anggar nya ya aparat narasi radikul telor jadi bikin cepet cair
"1,39116E+18",guru duwe twitter rek ihir mo mint bansos nih
"1,39083E+18",gw bilang jg apaaa nmasih linier dg siram air keras fitnah talib revisi uu kpk dg tes bangsat nliat aja mega korupsi yg bongkar bansos jiwasraya asabri dll muara you know who nkpk xc xbsdead
"1,39104E+18",hadeuuuh n nyg yg bancak bansos
"1,39096E+18",haha nsejak serius kpk ntrus yg skrg kayak asabri jiwasraya bumiputra bansos aja acakadul haha n ngw sih hiphip huray aja haha gembira foamfamily haha dah gak jaman mikirin negara
"1,39094E+18",hahaha guoblok bin tolol piara kau gegara suntik fucksin babi yaa nmaling bansos jiwasraya asabri zaman cuung kacuung xf xf xa xae xf xf xa xae
"1,39087E+18",hahhahaa bancak bansos gimana purut bong cebong partai ya sosok madam bansos yg sentuh gk kultus orang kkn kkn salah n nya nepotisme anak mantu walikota taekk taekkk
"1,39089E+18",hai sahabatekon n npemerintah salur bansos perlinsos tingkat konsumsi daya beli masy xe x xa
"1,39089E+18",hai sahabatekon n npemerintah salur bansos perlinsos tingkat konsumsi daya beli masyarakat n nyuk simak informasi nvia n
"1,39104E+18",haji munarman kritik keras korupsi dana bansos pdip beliau tangkap tahan dgn dalih libat terorisme xf xf x x n n xf xf x xc fpi korupsi dana bansos khianat rakyat derita akibat covid n n xf xf x x
"1,39118E+18",haji munarman kritik keras korupsi dana bansos pdip beliau tangkap tahan dgn dalih xe x xa
"1,39096E+18",hal yg serba kontradiksi berita bombastis aneh nyeleneh tuju n nsehingga jadi yg rugi masuk wna china korupsi biadab bansos juliari batubara wakil bendahara pdip lupa n napakah sengaja
"1,39095E+18",halal nyg beli pakai uang nyari nafkah halal n nkalau beli pakai uang korupsi bansos ya tetep aja haram n naduh julid
"1,39114E+18",harap endorse polri biar semangat cari harun mas selesai korup bansos dkk nya semangat densus berantas kkb dll n nmalah endorse babi
"1,39115E+18",hehe mau gitu biar korup jenis bansos amaaan
"1,39118E+18",hibah bansos xf xf x xd
"1,39113E+18",hijau cair cek hari saya gak bansos apacuma ngasi kpd org yg blm faham pakai hp android biarpun gak bansos apameskipun sdh kirim berkas sesuai dgn syaratgak apa jokower
"1,39105E+18",hngg seru manfaat lgi bagi bansos
"1,39102E+18",hormat indonesia kabar nrakyat indonesia kabar ncovid indonesia kabar norang india indonesia kabar norang cina kabar nkorupsi bansos gimana cerita nkpk kabar
"1,39096E+18",idul fitri n ntak terima bansos antri bukber n n n n nantri meja
"1,39114E+18",indeed trik pinokio utk alih isu kubur kpk isu maduknya cina bondong bobdobg isu mudik yg sengsara korupsi bansos penetima ganda utk alih perhati rakyat bobeka mah suruh bikin ribut nama peminpin janncuuuk
"1,39088E+18",indonesia kena poverty trap aku cilik asli licik n nbansos aja korupsi bos
"1,39096E+18",inti kpk lemah harun mas hadir indonesia metrei sosial korupsi dana bansos hukum mati oooeeaaa partai juara korup indonesia nafas lega
"1,39093E+18",iq sy djem cerdas hahaha n ndia ngebahas gk gaji mati kelaperan kerja msh dpt makan lupa bnyk yg dr tahun utk makan aja hrs nunggu bansos yg dikit isi xf xf x x
"1,39094E+18",itu uda selesain dungu xf xf xa xa n nyg rakyat indonesia madam bansos xf xf x x
"1,39096E+18",itu uda selesain dungu xf xf xa xa n nyg rakyat indonesia xe x xa
"1,39099E+18",iya bener kaya korupsi bansos ga tengok mana ya laku xf xf xa x
"1,39095E+18",iya bos uang bansos nya jarah maling maling sok nkri maling sok pancasila
"1,39101E+18",iya nkalo bansos kali kasih kalo duit pensiun umur hidup n ntahu ga s xe x xa
"1,39102E+18",iya yg nggk lolos tes yg tangan korupsi salah satu bansos ya
"1,39088E+18",iyaa kampung jg dilema bantu perintah ngga masuk bansos tp butuh
"1,3909E+18",iyaa met males ga sih kalo suruh foto muka kaya orang nerima bansos xf xf x xad
"1,39089E+18",jabat indonesia rame korupsi bansos
"1,3909E+18",jaman harto korup uang bansos segitu mah duit bos xf xf x x umur brp sih loe paling jg ga ngerasain hidup d jaman harto xf xf x x
"1,39109E+18",jaman sby parte kuasa koalisi hajar kpk akibat langsung puruk nmungkinkah gara gara bansos expor benur yg ujung seret ptinggi parte jadi kpk obrak abrik
"1,39088E+18",jari korupsi bansos coreng nilai pancasila
"1,39105E+18",jenis bansos kemensos cair lebaran cek terima n
"1,39105E+18",jenis bansos kemensos cair lebaran cek terima n via
"1,39097E+18",jg sdh diawasin kale oknum yg bukti salah sdh sanksi panas korupsi bansos bongkar ya
"1,39096E+18",jls lbh parah mobil esemka wujud tpi ampuh jurus ngibul nada jga yg ngakunya kang martabak trnyta batu bara nada jga yg doyan sma dana bansos rakyat ada jga yg doyan matiin mix mntang titip mama nmcam laa klakuannya xf xf x x
"1,39082E+18",jokowi mbokyao ciprat thr hak presiden sekali rasa uang jatah orang nomor matur nuwun npatuhtidakmudik nkehilangan kerja ntak dpt bansos
"1,3909E+18",jubir presiden tdk muncul sikap istana ya n ntapi fokus tangkap harun ma xe x xa
,judul asli yg bego sdg tangan bansos amp
"1,39089E+18",judul disebarin ramai media kolam cebong orang bodoh yg tipu maling bansos tuh yg diberitain fitnah mulu tobat umur ga dipertanggungjawabkan
"1,39108E+18",juliari batubara libat korupsi bansos covid luka hati masyarakat tengah pandemi ya mohon maaf aja susah warga salah perintah cont
"1,39111E+18",juliari batubara ya yg korupsi dana bansos kadrun
"1,39085E+18",jumawa covid ngak masuk indonesia dana bansos embat silahturahim umat cekal
"1,39084E+18",juta data fiktif bansos
"1,39106E+18",kabar dana bansos aja yaa
,kader merah jaring ott novel baswedan cs amp
"1,39085E+18",kaisar sunda nusantara alex anggur terima bansos
"1,39098E+18",kait nya korupsi dana bansos jt terima bansos fiktif dan yqng baru indikasi wakil dpr jerat korupsi
"1,39095E+18",kaki tangan madam bansos alih isue bipang wkwkwk
"1,39107E+18",kali gak sih bukti korupsi bansos jiwasraya diupdate portal berita nyata jokowi kali alih
"1,39095E+18",kalo ama partai madam bansos udah om ane gak ngapain nyinggung mas komunis pki reborn aja kek gerah bgt ampe main blokir xf xf xa xa xf xf x xa xf xf x xb
"1,39091E+18",kalo indo bansos kali ye xf xf xa xa
"1,39114E+18",kalo ketemu mahluk jenis bawa paket sembako ama materai rb kasi gagal dapet bansos ama bantu umkm gonggong ubah ringkik
"1,39087E+18",kalo minjem duit smp sih ga balikin trs lo pura lupa w legowo karna kenal banget tp ga minjem duit juta anjrit lo pikir gua panitia bansos xf xf x xad
"1,39096E+18",kalo nerima bansos jarah bansos ngk gitu manusia aneh
"1,39082E+18",kalo sdh korupsi bansos benur dll kpk yg bongkar polisi j xe x xa
"1,39087E+18",kalo yg pancasilais koruptif maling duit bansos persentase turun
"1,39102E+18",karaoke pakai duit bansos astaghfirullah
"1,39091E+18",kasi ampun nilep uang bansos covid ya ga
"1,39085E+18",kasih makan rakyat bansos aja korupsi kl dana gelontor perintah yahh korupsi susah susah kl individu ga ngeyel ikutin prokes scr aja udah nenangin banget
"1,39086E+18",kawal madam bansos anak lurah harun mas robin terima suap
"1,39093E+18",keduluan korupsi bansos nih xf xf x xa xf xf x x
"1,39097E+18",kejar madam bansos
"1,39098E+18",kemensos cair bansos lebaran cek terima bpnt pkh
"1,39096E+18",kemensos cair bansos lebaran cek terima bpnt pkh bantuansosial bansos bansoscovid n n via
"1,39095E+18",ken batagor bansos bluru jalan e menit wedi gabuka
"1,391E+18",kepala badan intelijen negara libat korupsi bansos semangat menyingk xe x xa
"1,39104E+18",kesel korupsi bansos tau
"1,39111E+18",kira mayoritas rakyat kadrun nga malu ga ngakui presiden nyinyrin presiden gilir bansos mingkem
,kjp plus bansos blt umkm kartu prakerja subsidi listrik amp
"1,39116E+18",kl ott korupsi bansos hukumannnya ga maksimal mati pdhl pandemi ott lembaga bukan orang jd msh bs lanjut yg lolos tes ngiri subordinat dgn umumin pegawai yg lolos publik pdhl pimpin blm rilis nama pegawai ybs n
"1,39115E+18",kl pro pancasila tuh ga korupsi bansos
"1,39091E+18",klau gak ngasih bansos ya gak ngatur batas ekonomi rakyatgak mslu
"1,39102E+18",klo saham proyek jatah bansos jabat budaya hehehe
"1,39085E+18",km nharun mas nmadame bansos nkorupsi benur n nraib xf xf x xd xf xf x xd
"1,39106E+18",knp sih hrs nguprek bansosjadi gitu deh
"1,39094E+18",koq nama lsg sih min anak lurah goodie bag bansos apa jahat ihh
"1,39092E+18",korupsi bansos
,korupsi bansos amp
"1,39083E+18",korupsi bansos covid gelap yg hukum mati jd lenggang dg santuy
"1,39102E+18",korupsi bansos gimana nyg rugi cilik n ngimana harun mas nini segar n nterkesan ngalihin insyu xf xf x x
"1,39108E+18",korupsi bansos nkorupsi benur lobster nkorupsi asabri nkorupsi jiwa sraya ndll npelakunya sptnya aman aja ya ntp xe x xa
"1,39095E+18",korupsi bansos terang benderang bikin gelap kpk
"1,39118E+18",korupsi bansos ya
"1,39091E+18",koruptor bansos buron harun mas petinggi pdi-p yg libat korupsi bansos rubah ideologi pancasila tangkap sibuk men-teroris-kan fpi anjay suranjay sampek lupa tugas negara xf xf xa xa n nsobat tweeps lupa syuhadafpi ya ok xf xf x xc
"1,39091E+18",koruptor bansos buron harun mas petinggi pdi-p yg libat korupsi bansos rubah xe x xa
"1,39107E+18",koruptor bansos mandek urus
"1,39093E+18",koruptor tes bangsa lulus xf xf xa xa lg korupsi bansos madam bansos jago tes bangsa xf xf xa xa
"1,39084E+18",kpk keren bang feb kesini kliatan banget tebang pilih hilang taji kayak korupsi bansos ga nangkep sampe ujung dll
"1,39093E+18",kui lho bansos khas amrik
"1,3911E+18",kunaom yeuh a bansos
"1,39089E+18",kutuk keras n n biadab gerombol zionis serang jamaah tarawih masjidil aqsho n n susun materi bangsa t an seleksi pegawai n n oknum imbau menu bipang babi panggang n n aparat biar madam bansos hidup bebas n ncc
"1,39083E+18",kwkwk parah siganjar tuh sono anggota korupsi dana bansos segitunya citra
"1,39113E+18",kyk cerita madam bansos yaakasusnya hilang
"1,3909E+18",laksana giat dds polsek pademangan salur bansos xc xawarga
"1,39089E+18",laksana tes bangsa tenggara masyarakat upaya tutup korupsi yg elit partai spt ekport benur korupsi bansos yg libat madam bansos periksa as wakil ketua mpr dsb
"1,39098E+18",lakuin lockdown beberapa daerah angka positif corona ya bansos n nnah kalo nih solusi tangan solusi corona ekonomi negara jalan angka covid engga
"1,39116E+18",lapor risma kpk juta data ganda terima bansos lapor risma kpk kuat tegar xe x xa
"1,39083E+18",larang mudik sekat jalan batas jam operasional kereta masuk wna deposito dana bansos covid bank xf xf x x lucun xe x xa
"1,39089E+18",lawak negara kawan n nbansos korup liga tarkam wisata buka larang mudik and then welcome wna
"1,39095E+18",leader dealer jd apa yg gantung deal yg gede untung madam bansos tugas partai xf xf x x
"1,39105E+18",leader dealer jd apa yg gantung deal yg gede untung madam bansos xe x xa
"1,39112E+18",lebaran mudik vs pulang kampung nlebaran bipang ambawang n napa kabar gaji asn kabar tk wna chi xe x xa
"1,3911E+18",lebaran mudik vs pulang kampung nlebaran bipang ambawang n napa kabar gaji asn kabar tk wna china kabar lemah kpk kabar garong bansos kabar hutang indonesia kabar dwi fungsi plr kabar trrs pm kabar badan riset
"1,39095E+18",letoynya hadap putrijuragan madame bansos klo mas lw gk ingetkan
"1,39085E+18",lho m e n teri pe j a bat ne g a r anya sibuk karaoke pake duit bansos kak gimana sie xf xf xa xb xf xf xa x
"1,39105E+18",libat korupsi bansos kkp gak heran isu talib radikal hembus alas garong aja korupsi bansos hukum mati
"1,39115E+18",libat korupsi bansos kkp gak heran isu talib radikal hembus me xe x xa
"1,39091E+18",lo bilang talib nangkep koruptor bansos e-ktp benih lobster tololll nwajar sih elo bayar koruptor nya
"1,39106E+18",lo dukung korupsi bansos
"1,39086E+18",login cek terima bansos pkh bpnt cair mei n
"1,39115E+18",loh yaiya gak korupsi bansos kkp ya selesai n sidik
"1,39108E+18",lucu banyak tangan korupsi bansos
"1,39114E+18",madam bansos guru besarzz
"1,39113E+18",madam bansos n hairy gimana cerita
"1,39102E+18",mahasiswa tagih janji kpk hukum mati koruptor bansos covid n
"1,39087E+18",main circle xc xban kpk kyknya udah pantesan bebrapa korupsi mandek contoh madame bansos rssw bus tra xe x xa
"1,39093E+18",maksud madam bansos
"1,39105E+18",maling bansos aja yg layak hukum mati blm kroni tangkap
"1,39095E+18",maling bansos apakabar
"1,39096E+18",maling bansos n notsus ribut ntambang emas kerok puluh nberapa dana otsus habis
"1,39109E+18",maling bansos neng aja tutup bipang
"1,39089E+18",mamak bansos eh mensos mana nkenapa negara gak hadir ncariin kerja mak
"1,39087E+18",mamak bansos sm gus dur lewat ya mas xf xf x x
"1,39106E+18",mantan bendahara kena bansos buka alir dana mana xf xf xa x
"1,39117E+18",marak nama bansos perintah anak anak gak bagi n nbantu share tembu xe x xa
"1,39102E+18",marak nama bansos perintah anak anak gak bagi n nbantu share tembus pemda
"1,39102E+18",mari habis energi nalar lurus publik bengkok gegara setir babi panggang produksi mesin hoax istana n ntetap fokus kutuk lemah sidik sasar alir dana bansos alir partai muncung putih nmari waspada
"1,391E+18",masyarakat bansos mana qgbacotsantuy
"1,39093E+18",masyarakat pro pancasila perilaku jabat negara yg contoh tauladan amal pancasila contoh korupsi bansos tangkap tangan kpk dll koruptor hukum berat tegak hukum tumpul runcing bawah
"1,39117E+18",mati mic n nbersama korupsi n nbersama tikus bansos n nbersama harun mes n nbersama peras pa xe x xa
"1,39117E+18",mati mic n nbersama korupsi n nbersama tikus bansos n nbersama harun mes n nbersama peras pancasila n npresidenhobibipang npresidenhobibipang
"1,39101E+18",mbak risma kpk data juta terima bansos bodong fiktif usaha salur bansos banya xe x xa
"1,39113E+18",mbak risma kpk data juta terima bansos bodong fiktif usaha salur bansos xe x xa
"1,39103E+18",mending resin bansos madam banyak janji yg meleset
"1,39086E+18",menteri sosial bansos tunai masyarakat dampak pandemi covid resmi henti mei p xe x xa
"1,39093E+18",miskin prestasi bukti dhe pilih xf xf x x nbansos udah proses hukum nsit pandemik negara aman dgn xf xf x xe nini karna kasih sayang ntuhan xf xf x xd
"1,39102E+18",moga novel baswedan tangkap madam bansos ya xf xf x xd
"1,39105E+18",mw bwt isu yg ngurus bansos mw geser
"1,39108E+18",naah loooh tahu cuci tangan madam bansos anak lurah herman herry n the genk dah laah pandai tupai loncat jatuh gak dunia xf xf xa x xf xf x xf
"1,39088E+18",nakes g bayar hak asn sunat hak uang ap bansos ad korup cc
"1,39084E+18",nasib bansos tangan orang lolos twk laode hilang ganti news
"1,39111E+18",negara kaisar sunda nusantara pimpin panglima majelis agung archipelago ehh lucu doi terima bansos xe x xa
"1,39086E+18",negara kuasa koruptor partai korup madam bansos
"1,39107E+18",negara orang serius ga pake tipu xc xb ga pake korupsi bansos ga bayar buzer pariwisata bicara kerja taekland bicara laen kerja
"1,3909E+18",nek aplikasi adu xe x xcwargaku xe x xd paleng akeh nerimo adu bansos lowong kerjo barek dal rusak lha poro kadang ngajokno adu opo malam minggu iki nang monggo tresno budoyo
"1,39104E+18",nekuk duit bansos aja
"1,3909E+18",ngakakkk kek nerima bansos
"1,39089E+18",nge gasgak gaji memangtapi bansos blt no xf xf xa xad xf xf xa xad xf xf xa xad xf xf xa xad xf xf xa xad
"1,39096E+18",ngentit bansos covid yg salah bang
"1,39084E+18",ngga bgt kls etikor muter video layan bansos hfttt aib aib
"1,39117E+18",nggak tau alas babi tu nggak makan dhab dalil agama islam babi haram dhab halal rasulullah suka nnamun utk cebong dungu halal korupsi dana bansos receh fitnah
"1,39098E+18",nggk ngerti mafia bansos mafia antigen naku indonesia negara buruk nang covid
"1,39102E+18",ngumpulin duit bansos kovid beli resident evil
"1,39105E+18",ngurusin bansos data bedah rumah dll apbd sampe apbn bayar satujuta bulan duit bansos korup tri partai sampeyan
"1,39108E+18",ni orang goblok ngegas jiwasraya asabri jaman spa lol knp rezim sblmnya gk brani tangkap knp rezim yg brani tangkap nkorupsi bansos lsg kerangkeng tu
"1,39118E+18",ni ya drun n n
"1,39116E+18",nie antri bansos y
"1,39088E+18",nih janji hukum mati laku korupsi koruptor bansos kpk nhukumatikoruptor xe x xa
,nih jual msh radikal-radikul laku ngembat bansos amp
"1,39104E+18",nkpk nanganin bansos n nwajarlah kpk serang ndari arah n xf xf x x xf xf xa xa
"1,39105E+18",nonton salah video orang indo saudi bilang pemerintahaan sana takut rakyat nya lapar dengar rakyat lapar takut laku adil hehe bansos bagi korupsi
"1,39116E+18",novel baswedan nbuku merah impor daging sapi nrekening gendut nsimulator sim nblbi nskl nnewmont nusa t namman nbanggai rekind nbansos juliari batubara njhonlin baratama ngunung madu nbank panin nangin prayitno nhonggo w bp migas nharun mas nbank century nhambalang ne ktp npetral ntrans jkt
"1,39103E+18",novel pegawai tangan bansos
"1,39088E+18",nsuka nyesek tetangga teman tp terus bansos yg alhmdulillah berungtung sentuh
"1,3909E+18",ntar foto kaya orang nerima bansos xf xf x xad
"1,39088E+18",ntu bansos
"1,39099E+18",nya dah dr br kuasa ndah planning nkrn kpk sll mengungkapkn nkoruptor yg bnykkn dr si merah ndr kepda nya ampe bansos nya nlom blbi nya
"1,39089E+18",nyata nya bikin riuh publik lupa dg mas madam bansos dll laku korupsi rezim
"1,39115E+18",oh a wibi teh kerja wartawan nsuka sekolah lurah desa gitu atuh nkalo dana bos cair bansos cair wartawan suka dateng n nbodrek bodrek
"1,39098E+18",oh iya hasil bangunin sahur dipake bansos ponpes dekat keren bat gas bangunin sahur berkah hasil dipake bantuin orang plus dapet thr tipistipis heheh
"1,39083E+18",om boss nmo kabar kelarrr n n korupsi bpjs asabri bansos dll n lasykar km n uang rebu t n nkok sepi n nggada kabar n n n
"1,39116E+18",oo iya ya koruptor yg ngumpet yg ngumpetin ampe gin ngak ketemu dr partai ya nmenteri yg korupsi bansos dr partai nmenteri yg korupsi import benih lobster dr partai apkh jg dr partai yg ngak jls njd gantung orgnya kali
"1,39115E+18",oow yg ngumpet yg ngumpetin koruptor dr partai nmenteri yg korupsi bansos dr partai menteri yg korupsi import lobster de partai nintinya gantung manusia iya xf xf x x
"1,39089E+18",ora ming pasar ro toko klambi lek bak skincare yo melu antri kyo ngantri bansos neng bank xf xf x xae
"1,39091E+18",orang bis gak dikasik bansos banget sih
"1,39115E+18",orang gw gk ngantri bansos anying wkwk noh junjung lu anak buah korupsi bansos duit ngalir partai gak tuh xf xf xa xb xf xf xa xb xf xf xa xb xf xf xa x
"1,39116E+18",orang skrg tangan ya apkh yg sdg tangan bansos ekspor benur xf xf x x
"1,39093E+18",orang tuaaa tolong bagi thr sampe salah sasar ya kaya bansos tau yg butuh uang
"1,39104E+18",orde nsaya lihat skr korupsi sadis bansos e-ktp jiwasraya asabri dsbnya tuh sadis lbh organisir
"1,3911E+18",otak pakai dikit aja drun xf xf xa xa xf xf xa xa xf xf xa xa xf xf xa xa xf xf xa xa banyak bipang yg bansos xf xf xa xa xf xf xa xa xf xf xa xabutuh bansos kah salur xf xf xa xa xf xf xa xa xf xf xa xa xf xf xa xa
"1,391E+18",pakgub ngapunten nopo mpun mboten wonten bansos kangge rencang rantau ben koyo taun wing
"1,39098E+18",pandemi bener tuhan ngasih unjuk sih betapa zolimnya pmrnth dlm tangan perilaku warga bom oknum yg korupsi bansos jg kayak sih udah aman aja tuh pindah kota or negara dgn bahagia ga lanjut berita khan
"1,39103E+18",partai suara nmendukung kpk bungkam n nfraksi partai demokrat benny k harman n upaya gergaji sidi bansos covid singkir sidik kpk tangan perkara tes n npresidenhobibipang
"1,39117E+18",partai suara nmendukung kpk bungkam n nfraksi partai demokrat benny k harman n upaya menggerga xe x xa
"1,39088E+18",pdip yg tonjol nilep dana bansos xf xf xa xad
"1,39091E+18",peduli covid warga desa rebono oleh bansos polsek wonorejo
"1,39108E+18",pegawai kpk lolos twk tangan korupsi bansos kkp
"1,39106E+18",pegawai lolos tes tangan kasus korupsi korupsi bantu sosial bansos korupsi menteri laut ikan kkp n nkpk n n
"1,39083E+18",pegawai muslim integritas suara keras radikal radikul talib talibun tes bangsa alih publik katena korupsi bansosjiwasraya dsb tuntas
"1,39088E+18",pelihara awat lindung istimewa teroris kkb lemah kpk korupsi bansos buzzer diam bangke buzer najiiisss
"1,39097E+18",pemuda pancasila maen receh nbipang pancasila maen buzzerp nbangsa t pancasila maen yg gede duit bansos
"1,39087E+18",perintah gak ken nambah rawan covid nambah anggar nkeluarga yg dana bansos wajib yg kepala rumah tangga laki gak kerja rumah aja n badan sehat rawan covid kota tinggal
"1,39087E+18",perintah mikir ga sih warga acuh pandemi gabisa cek lg bijak yg udah ga nyalahin rakyat xf xf x xb n ntermasuk korupsi dana bansos pakai alat rapid bekas n nada asap ga ga api
"1,39094E+18",perintah sih nkeasyikan korup bansos nih kayak nmudik larang orang dibebasin masuk nkalo emang xe x xa
"1,39098E+18",perintah tau gak sih kelean banyakk bgt yg udh rela gak mudik nahan utk gak pergi xc xb tp kesini kayak main xc xb ya kelean n xe x xa konsistensi atur gak n xe x xa wna masuk bhkn abai karantina n xe x xa bansos korup n xe x xa gaji nakes gak cair n xe x xa alat test daur ulang n xf xf x xa
,perintah warga belanja online betapa elitis anjur belanja online kaya unicorn
"1,39117E+18",pki partai kumpul iblis ciri nya bener anggota nya suka ngerampok duit rakyat sumber bansos rakyat rampok bukti bong
"1,39113E+18",poin korupsi bansos kkpnya
"1,39103E+18",polemik tes wawas bangsa alih sorot blbi bank century wisma hambalang bansos covid ekspor benih lobster kkb papua dana militer yg tingkat signifikan korupsi yg
"1,39104E+18",polemik tes wawas bangsa alih sorot blbi bank century wisma hambalang bansos covid xe x xa
"1,39084E+18",polisi gak brani nangkep pejabatingat kapekaingat dana bansos stres kalo stres barang orang salah jadi luap kekesalansebab lemah
"1,39116E+18",politikus demokrat duga sidik kpk bansos henti tes n nanggota komisi hukum dpr fraksi partai demo xe x xa
"1,39106E+18",politikus demokrat duga sidik kpk bansos henti tes n nanggota komisi hukum dpr fraksi partai demokrat duga sidik kpk yg sidik korupsi bansos covid henti n ncaranya tes wawas bangsa n n
"1,39084E+18",politikus demokrat sidik kpk bansos incar twk nseharusnya korupsi bansos tengah pandemi hukum xe x xa
"1,39088E+18",potonya kek org nerima bansos
"1,39098E+18",presiden e ngurusi nikah artis n npemerintah e bingung e larang mudik n nbanyak bansos yg korup n nwarga ne ken mudik raurusan covid trabas pokoe n nkalo abis indonesia kasus lonjak yg tinggal lak do salah asuog
"1,39103E+18",presiden e ngurusi nikah artis n npemerintah e bingung e larang mudik n nbanyak bansos yg korup n nwarga ne xe x xa
"1,3909E+18",pro pancasila korupsi bansos
"1,39104E+18",radikal berantas korupsi sok pancasilais curi dana bansos sibuk bangun dinasti xe x xa
"1,39086E+18",rakyat korupsi sampe jatah cilik bansos sikat xf xf x x xf xf x x xf xf x x sampe partai kuasa mari dgn pd nasib pd pileg pilpres
"1,39096E+18",rakyat suruh patuh dana bansos sikat abis rakyat suruh patuh contoh kerumun rakyat larang mudik wna bebas masuk alas colong kardus yg gembok
"1,39103E+18",ratna ratna kena saksi dampak remeh wooi dana bansos dampak bikin negara bangkrut elu muter-muter ratna mikir xf xf x x
"1,39117E+18",rekening nama fiktif bansos pkh tabung bri triliun bikin tol aceh sampe lampung plus jembatan selat sunda tarif nya murah sembako murah gerak ekonomi hidup
"1,39087E+18",resmi olah sampah energi listrik jokowi kota yg sy surabaya yg pselbenowo n nibu tri risma harini top tunggu kiprah lanjut bu itulho juta data bansos duplikasi xf xf x xac xf xf x x
"1,39104E+18",risma data ganda terima bansos yg bobrok kerja kader pdip juliari batubara yg salah er xe x xa
"1,39108E+18",rizal ramli ketua kpk bongkar juta data ganda terima bansos salur abal-abal xe x xa
"1,39102E+18",rl tipe orang yg hari penuh benci perintah tp antri bansos xe x xba n ndan banyak dapat nkenapa nkarena negeri adlh negeri cinta damai
"1,39086E+18",sabar aing tinggal indonesia ya kalo yg baca ga pindah aja jawab ken ajg ga duit harap bansos aja ga udah ga makan hah dasar woody
"1,39103E+18",salah korupsi bansos adem ayem aja yaa lu gak ributin yaa ekwkwkwk
"1,39104E+18",salah om ngabalin yg dengar kadrun apa yg omong jokowi salah mata kecuali bansos thr
"1,39116E+18",salah utama blbi yg indikasi kuat arah petinggi pdi p n nkasus anyar mana xe x xa
"1,39087E+18",same goes to korupsi bansos like badut bgt thr potong gw ikhlas tp korup
"1,39101E+18",sangka bansos samosir tahan
"1,39095E+18",sarung stok nya sama bansos
,sbelah blg kpk tbang pilih sumber waras dbiarkan sajayg sbelah lg blg kpk tbang pilih nda sntuh lahan dp nada sapi dbui kpk tbang pilih ambil bagi bansos kpk jg tbang pilih n nstiap org prasaan bnr amp
"1,39114E+18",sdh terang an negara benci org yg benci dng korupsi koruptor xe x xawacana hukum mati korupsi bansos kmrn utk main an lip service hilang muka nang jabat skrg jls bukti xe x xa
"1,39088E+18",sebar gaduh pas puasa nkasus tutup krn energi habis utk debat gaduh yg sebar n nkorupsi bansos dadhine piye dirampungke ora opo kanggo hukum dalanan
"1,39108E+18",sedih mengatahui mana prioritas negara vaksin bansos sejahtera nakes fron liner penuh hak
"1,39112E+18",segitu heboh bansos sm reset pin pdhl hari xf xf x x
"1,39107E+18",selamat maling xf xf x x n n xf xf x xc duit korupsi bansos duga alir pdip staf puan ada tas re xe x xa
"1,39104E+18",selamat maling xf xf x x n n xf xf x xc duit korupsi bansos duga alir pdip staf puan ada tas rekomendasi gibran n n xf xf x x
,selidik amp
"1,39101E+18",sengkarut data bansos rizal ramli skandal jahat malu n n
"1,39114E+18",serang tanggung n ngga bolehin mudik n buka pintu wna n diskriminatif kerumun n xe x xa
"1,39086E+18",seret bansos aman yes
"1,39082E+18",si menteri sosial kmrn yg korup uang bansos xf xf x x duh bingung
"1,39104E+18",si ya suka kyk ngobrolin idol bias trs lempar lembing brmain tic tac toe mngadakan bansos keliling kota tutup dgn siram rohani marawis jg kyak sirkus barongsai guling guling brmain bola api gtudeh
"1,3909E+18",sibuk mudik cita citata sewa pake dana bansos
"1,39084E+18",sidik kpk belah kelompok dukung usut tuntas korupsi dana bansos kelompok dukung henti halus tes wawas bangsa rakyat tau takut xe x xd benny kutip twitternya
"1,39112E+18",sidik kpk belah kelompok dukung usut tuntas korupsi dana bansos kelompok pend xe x xa
"1,39102E+18",sidik yg bongkar korupsi kakap spt e-ktp simulator sim ekspor benur jg bansos bs jd asn krn tdk l xe x xa
"1,39099E+18",simpang n karantina bayar n rapid test pakai alat bekas n bansos korupsi n wna bebas masuk mudik larang n nmencla mencle sakno tugas sehat sakno polisi sing tenanan sakno rakyat e bujuk ae coook coook
"1,39116E+18",sing rame korupsi bansos jiwasraya asabri blbi dll lupa
"1,39092E+18",sisi gelap n ndan bancak bansos hilang harun mas bancak jiwasraya asabri n nyang laku orang orang
"1,39091E+18",sisi negeri dana bansos korupsi karaoke sewa purel n nbejat
"1,39115E+18",situ enak nakes gaji situ enak ibu sakit bawa rs n nseolah kondisi kek gin neng gitu liat o xe x xa
"1,3909E+18",situ enak nakes gaji situ enak ibu sakit bawa rs n nseolah kondisi kek gin neng gitu liat orang susah tutup mata gitu n nyang amanah korup bansos ngga tanggung jwbnya sibuk nyerang rakyat
"1,39105E+18",skrg nb tangan korupsi bansos kkp siram thdp nb tepat belio tangan uda kalo tau
"1,3909E+18",solusi hrusnya kasih bansos biar pda netep jakarta yha bansos nya aja korupsi bajing
"1,39103E+18",sumpah gue baca bansos fak
"1,39099E+18",tahu nmau hilang korupsi bansos
"1,39106E+18",tai bilang nya rezim bansos antri
"1,39086E+18",talib ndefinisi talib njualan radikal radikul udah talib skrg inti seret bansos aman xf xf x x xf xf x x
"1,39094E+18",tanda ekonomi indonesia baik tumbuh ekonomi tw n npemerintah upaya ekonomi kuat program jalan insentif pajak bansos vaksinasi kartu prakerja dll
"1,39115E+18",tanda ekonomi indonesia baik tumbuh ekonomi tw n npemerintah upaya xe x xa
"1,39095E+18",tangkap madam bansos temu harun mas rezim langsung habis masa
"1,39116E+18",tanya jgn juta terima bansos yg mas siluman dn siap j xe x xa
"1,39109E+18",tanya jgn juta terima bansos yg mas siluman dn siap juta ktp wna
"1,39084E+18",taruh bansos
"1,39117E+18",tau kau partai kumpul garong bansos embat
"1,39116E+18",tausiyahnya tanggung kuasa urus rakyat larang mendzolimi tindas rakyat h xe x xa
"1,39091E+18",teladan pdip kader dpr dprd koruptor kepala daerah korupsi menteri uang bansos sikat korupsi milyaran malu sebut pancasila
"1,39103E+18",temu bos bumiputera nasabah janji klaim cair november n nsemoga cepet selesai ya njiwasrayabansosbpjsbakrie lifekresna life
"1,39084E+18",tengsin staff-staff kpk henti kpk alas asn nterungkap demokrat duga sidik kpk bansos diberhen xe x xa
"1,39084E+18",tengsin staff-staff kpk henti kpk alas asn nterungkap demokrat duga sidik kpk bansos henti tes nakhirnya bongkar modus selamat pdip maling dana bansos nhahahaha curangs n n
"1,39084E+18",teori konapirasinya vaduka sengaja bikin blunder perhati netizen sedot menu xe x xa
"1,39084E+18",teori konapirasinya vaduka sengaja bikin blunder perhati netizen sedot tutup yg tau aja pas kite sibuk bipang tka cina dateng naek kapal angkasa koruptor bansos ude dubes mars xf xf xa x
"1,39086E+18",terang saksi dakwa jabat kemensos ajak tim teknis bagi bansos karaoke senayan hadiah k xe x xa
"1,3909E+18",teriak anti korupsi eh maling duit bansos tebak hayo xf xf x x
"1,39085E+18",terima bansos kemensos cari mei sila cek mudah
"1,39087E+18",terima bansos kemensos cari mei sila cek mudah h xe x xa
"1,39095E+18",thrx dr sisa bansos nyonya gagas ekasila
"1,39096E+18",tim satgas kpk suap bansos impor benur lolos twk n nkpk satgaskpk n n
"1,39091E+18",tindak tuh koruptor duit rakyat negaragarong bansos tindak tegas
"1,39115E+18",tinggal liat udeee bansos bpjs dll korupsi grup redbul mah bisa tinggal liat dasar lu bipang cebi panggang xf xf xa x
"1,39103E+18",tiru bri bansos salur situ kantor membludak
"1,39092E+18",tolak lupa nakes paksa pake apd bikin perintah simpati dikit ngasih apd yg layak jadi konten ndana bansos embat ndi isi emang bangsat
"1,39101E+18",tolong tindak lanjut bansos desa ridogalih camat cikakak kabupaten sukabumi mayoritas tdk sasar tumpang xe x xa
"1,39095E+18",tribunus bal peduli covid warga desa rebono oleh bansos polsek wonorejo
"1,39087E+18",tul emang yg embat bansos pancasilais
"1,39096E+18",tul skl nkorupsi bansos salah nya npak anies ta bong n nbukn cebong buduk klw ga nbloon
"1,39115E+18",tul skl nkorupsi bansos salah nya npak anies ta bong n nbukn cebong buduk klw ga nbloon xe x xa
"1,39088E+18",twk litsus kek isi tanya aja sdh langgar ham pecah belah umat islam leceh wajib pansus utk selamat koruptor bansos benur dll buang sidik yg tangan dg yakin agama ndasar bipang
"1,39096E+18",uang bansos yg jarahkoq nerima inianda mana
"1,39089E+18",uang hasil korupsi bansos covid pakai karaoke tim kemensos xf xf x x xf xf x x n nreleasepelakukm nreleasepelakukm
"1,39083E+18",udah beda wuhan wuhan lockdown bulan ga rumah rumah sakit khusus covid vaksin indonesia lockdown teriak bansos korup tolak vaksin blm lucu hehe
"1,39088E+18",udah beda wuhan wuhan lockdown bulan ga rumah xe x xa
"1,39105E+18",udah simpul sih kalo miskin kaya emg xc xban harta mental aja n nya contoh baru bansos covid yg korupsi udah kaya coba tri eh ngambil hak org jg
"1,3909E+18",udah terima bansos blom om xf xf xa xad
"1,39116E+18",udahlah mending lu nasehatin org lu mini market g ngerugiin uang negara beda koruptor bansos n ng sadar mslh g henti bencana alam smp gagal rencana g kasih istirahat ntp iya tuhan pihak koruptor
"1,39088E+18",udh dilockdown kasih bansos korupsi
"1,39089E+18",udh ky bansos d tungguin
,ular yg kotak tari majikan tiup seruling n npengalihan isu n xf xf x x zalim ibhrs cs amp
"1,39114E+18",ular yg kotak tari majikan tiup seruling n npengalihan isu n xf xf x x zalim xe x xa
"1,39084E+18",ungkap demokrat duga sidik kpk bansos henti tes
"1,39102E+18",update bahas ratna mulut kali bahas dana bansos harun mas udah lebaran nih ga tau rimba xf xf x x
"1,39096E+18",urgensi coba kesan kotak anak bangsa n nkenapa singgung ttg tumbuh xe x xa
"1,39102E+18",urgent asabrijiwasrayabpjsmadam bansostruk nyasarmr goodiebagmasikublbi dll lanjut kek
"1,39107E+18",usaha salur bansos deteksi abal-abal alias fiktif rizal ramli firli bahuri bongkar juta data ga xe x xa
"1,39101E+18",usaha sedia paket bansos fiktif emang laku korupsi bansos udah nyikat komisi xe x xa
,utk aman madam bansos amp
"1,39085E+18",waah kaya gin pasti dinegaraa tetangga negara indonesia nkarena indonesia orang miskin perhati banget dapet bansos putus adil adil adil adil sejahtera tinggal indonesia xf xf x xad xf xf x xc xf xf xf xbc
"1,39106E+18",warga dampak pandemi corona jakarta depok terima bansos paket sembako salur majelis taklim al muhtadun al makmur lokasi jakarta depok jawa barat
"1,3909E+18",warga surabaya keluh verifikasi mbr kacau bansos pemkot warga tinggal jatah bantu mbr
"1,391E+18",waspada tipu bansos covid mengatasnamakan bank bjb perban waspadapenipuan news
"1,39107E+18",waspada tipu modus bansos mengatasnamakan bank bjb
"1,39097E+18",waw kemensos cair bansos lebaran cek terima bpnt pkh samarinda menujupilwali kalimantantimur bontang sangatta bulungan malinau kukar balikpapan najam ppu ibukotabaru
"1,39093E+18",wktu kampanye partai nya cilik dah kuasa jd partai cilik partai yg suka nyusahin cilikbansos cilik korupsi
"1,3909E+18",wkwk iya engga sih males kalo suruh foto muka kaya orang nerima bansos xf xf x x
"1,39085E+18",wkwkwk maklum kl sakit hati spt tuman kl dpt dana bansos antri dpn munafik
"1,39087E+18",woiii bangsat wercok bawa anjing woiii madam bansos yg maling duit bansos lo bawa tuh anjing
"1,39106E+18",woy tka gimana tu lu biarin aja mudik oraang lu larang tka china lu biarin masuk dasar cacat sehat g lu bntar jabat lu abis moga aib lu ntar buka korupsi bansos sampe yg nya amin inget yg maha cipta g tidur
"1,39092E+18",xe x x komisi berantas korupsi kpk pegawai lulus tes wawas bangsa twk sumber pegawai kpk lolos sidik tangan kakap bansos covid n n xe x xa
"1,3909E+18",xe x xa
"1,39116E+18",xf xf x x xf xf x x duit lu ributin noh bansos d habisin tri partai junjung luuu
"1,39091E+18",xf xf x x xf xf xa xa xf xf xa xa xf xf xa xa xf xf x x xf xf x xnge gasknpa gak bansos blt yangiri bilang bos
"1,39088E+18",xf xf x xa xef xb xf hobi n xf xf x xa bikin larang ga ngasih solusi bikin bijak yg rugi makan duit rakyat korupsi dana bansos deh
"1,39108E+18",xf xf x xganas bener nyg ngembat bpjskt jiwasraya bansos piye jal d situ uang mu loh
"1,39101E+18",ya bansos korup
"1,39088E+18",ya wajib usut gak dibiarin komplot kemaren yg korupsi dana bansos begitujuga kalo ngalir partai merah
"1,39103E+18",yaelah bipang aja dijadiin isu tutup dah tuh isu macem twk kpk korupsi bansos dll xf xf x x
"1,39111E+18",yaelah perkara presiden nyebut babi guling aja ribut wkwkwkwk n nnoh sidang bansos dah sampe wkwk
"1,39109E+18",yakin serang buzzerp koruptor bansos buzzerp pimpin kpk tutup siasat busuk anak kolong buzzer rejim yg aktif terima proyek
"1,39089E+18",yaudah empat aja anjrit bansos
"1,39093E+18",yg gondol duit bansos mabuk sdh ga waras
"1,39116E+18",yg jelasx bipang terpleset plesetkan akhirx sukses laku keras kabar gembira kapak garong bgitupun cicil utang gunung lupa yaa n duit bansos bumn yg duitx jarah kyk ektp yaa balikin duit
"1,39098E+18",yg juta data ganda bansos tentu jd raja lawak dagel bajing tengik
"1,39087E+18",yg koar pancasila bising aja maling bansos gmn rakyat gak muak
"1,39108E+18",yg korupsi bansos xf xf xa xb n niket tali banramein radikalradikul
"1,39088E+18",yg lolos tes wawas bangsa
"1,39091E+18",yg mudik krn hilang kerja jd paksa mudik yg duit maksa mudik nah mungkin yg gol yg ga butuh bansos
"1,39092E+18",yg parah kutil dana bansos covid ya xf xf x x xf xf x x xf xf x x
"1,39093E+18",yg patuh diam drumah denger bansos korup yg rajin tracking denger swab bekas dipa xe x xa
"1,39095E+18",yg skrg sdg tangan sjumlah sidik yg nama edar media singkir dr kpk xe x xa
"1,39098E+18",yg udah madam bansos mingkem lu bipang
"1,39084E+18",yg udah positif tu mega korupsi kek jiwasraya asabri e-ktp blbi bansos dll gak kembang eh tambah lg tes gak xf xf xa xa
"1,39096E+18",yo banjarnegara bansos jarah oknum negara
"1,3909E+18",yo lek pribadi sih percoyo emg pancen cvd iku ono iki wes kebangeten carane lek ka xe x xa
"1,3909E+18",yo lek pribadi sih percoyo emg pancen cvd iku ono iki wes kebangeten carane lek kabeh bisniske bansos korup alat antigen daur ulang masuk wna bebas opo gak taek taek an ikii
